Workbook

Sheet Marks
A1: Subject | B1: ISA_Marks | C1: ISA_Max | D1: ISA_Percentage | E1: Predicted_SEA_Marks | F1: SEA_Max | G1: SEA_Percentage | H1: Final_Percentage | I1: Grade | J1: Grade_Point
A2: IMC-501 | B2: 52 | C2: 60 | D2: =IF(AND(B2<>"",C2<>""),(B2/C2)*100,"") -> 86.666667 | E2: =IF(B2="","",ROUND((B2/C2)*F2,0)) -> 35 | F2: 40 | G2: =IF(AND(E2<>"",F2<>""),(E2/F2)*100,"") -> 87.5 | H2: =IF(AND(D2<>"",G2<>""),(D2+G2)/2,IF(D2<>"",D2,IF(G2<>"",G2,""))) -> 87.083333 | I2: {=IF(H2="","",INDEX(GradeMap!$C$2:$C$9, MATCH(1, INDEX((H2>=GradeMap!$A$2:$A$9)*(H2<=GradeMap!$B$2:$B$9),0),0)))} -> O | J2: {=IF(H2="","",INDEX(GradeMap!$D$2:$D$9, MATCH(1, INDEX((H2>=GradeMap!$A$2:$A$9)*(H2<=GradeMap!$B$2:$B$9),0),0)))} -> 10
A3: IMC-502 | B3: 49 | C3: 60 | D3: =IF(AND(B3<>"",C3<>""),(B3/C3)*100,"") -> 81.666667 | E3: =IF(B3="","",ROUND((B3/C3)*F3,0)) -> 33 | F3: 40 | G3: =IF(AND(E3<>"",F3<>""),(E3/F3)*100,"") -> 82.5 | H3: =IF(AND(D3<>"",G3<>""),(D3+G3)/2,IF(D3<>"",D3,IF(G3<>"",G3,""))) -> 82.083333 | I3: {=IF(H3="","",INDEX(GradeMap!$C$2:$C$9, MATCH(1, INDEX((H3>=GradeMap!$A$2:$A$9)*(H3<=GradeMap!$B$2:$B$9),0),0)))} -> A+ | J3: {=IF(H3="","",INDEX(GradeMap!$D$2:$D$9, MATCH(1, INDEX((H3>=GradeMap!$A$2:$A$9)*(H3<=GradeMap!$B$2:$B$9),0),0)))} -> 9
A4: IMC-503 | B4: 56 | C4: 60 | D4: =IF(AND(B4<>"",C4<>""),(B4/C4)*100,"") -> 93.333333 | E4: =IF(B4="","",ROUND((B4/C4)*F4,0)) -> 37 | F4: 40 | G4: =IF(AND(E4<>"",F4<>""),(E4/F4)*100,"") -> 92.5 | H4: =IF(AND(D4<>"",G4<>""),(D4+G4)/2,IF(D4<>"",D4,IF(G4<>"",G4,""))) -> 92.916667 | I4: {=IF(H4="","",INDEX(GradeMap!$C$2:$C$9, MATCH(1, INDEX((H4>=GradeMap!$A$2:$A$9)*(H4<=GradeMap!$B$2:$B$9),0),0)))} -> O | J4: {=IF(H4="","",INDEX(GradeMap!$D$2:$D$9, MATCH(1, INDEX((H4>=GradeMap!$A$2:$A$9)*(H4<=GradeMap!$B$2:$B$9),0),0)))} -> 10
A5: IMC-504 | B5: 54 | C5: 60 | D5: =IF(AND(B5<>"",C5<>""),(B5/C5)*100,"") -> 90 | E5: =IF(B5="","",ROUND((B5/C5)*F5,0)) -> 36 | F5: 40 | G5: =IF(AND(E5<>"",F5<>""),(E5/F5)*100,"") -> 90 | H5: =IF(AND(D5<>"",G5<>""),(D5+G5)/2,IF(D5<>"",D5,IF(G5<>"",G5,""))) -> 90 | I5: {=IF(H5="","",INDEX(GradeMap!$C$2:$C$9, MATCH(1, INDEX((H5>=GradeMap!$A$2:$A$9)*(H5<=GradeMap!$B$2:$B$9),0),0)))} -> O | J5: {=IF(H5="","",INDEX(GradeMap!$D$2:$D$9, MATCH(1, INDEX((H5>=GradeMap!$A$2:$A$9)*(H5<=GradeMap!$B$2:$B$9),0),0)))} -> 10
A6: IMC-505 | B6: 51 | C6: 60 | D6: =IF(AND(B6<>"",C6<>""),(B6/C6)*100,"") -> 85 | E6: =IF(B6="","",ROUND((B6/C6)*F6,0)) -> 34 | F6: 40 | G6: =IF(AND(E6<>"",F6<>""),(E6/F6)*100,"") -> 85 | H6: =IF(AND(D6<>"",G6<>""),(D6+G6)/2,IF(D6<>"",D6,IF(G6<>"",G6,""))) -> 85 | I6: {=IF(H6="","",INDEX(GradeMap!$C$2:$C$9, MATCH(1, INDEX((H6>=GradeMap!$A$2:$A$9)*(H6<=GradeMap!$B$2:$B$9),0),0)))} -> O | J6: {=IF(H6="","",INDEX(GradeMap!$D$2:$D$9, MATCH(1, INDEX((H6>=GradeMap!$A$2:$A$9)*(H6<=GradeMap!$B$2:$B$9),0),0)))} -> 10
A7: IMC-506 | B7: 35 | C7: 40 | D7: =IF(AND(B7<>"",C7<>""),(B7/C7)*100,"") -> 87.5 | E7: =IF(B7="","",ROUND((B7/C7)*F7,0)) -> 18 | F7: 20 | G7: =IF(AND(E7<>"",F7<>""),(E7/F7)*100,"") -> 90 | H7: =IF(AND(D7<>"",G7<>""),(D7+G7)/2,IF(D7<>"",D7,IF(G7<>"",G7,""))) -> 88.75 | I7: {=IF(H7="","",INDEX(GradeMap!$C$2:$C$9, MATCH(1, INDEX((H7>=GradeMap!$A$2:$A$9)*(H7<=GradeMap!$B$2:$B$9),0),0)))} -> O | J7: {=IF(H7="","",INDEX(GradeMap!$D$2:$D$9, MATCH(1, INDEX((H7>=GradeMap!$A$2:$A$9)*(H7<=GradeMap!$B$2:$B$9),0),0)))} -> 10

Sheet GradeMap
A1: MinPercent | B1: MaxPercent | C1: Grade | D1: GradePoint | E1: Column 5 | F1: Column 6
A2: 85 | B2: 100 | C2: O | D2: 10
A3: 75 | B3: 84.999 | C3: A+ | D3: 9
A4: 65 | B4: 74.999 | C4: A | D4: 8
A5: 55 | B5: 64.999 | C5: B+ | D5: 7
A6: 50 | B6: 54.999 | C6: B | D6: 6
A7: 45 | B7: 49.999 | C7: C | D7: 5
A8: 40 | B8: 44.999 | C8: P | D8: 4
A9: 0 | B9: 39.999 | C9: F | D9: 0
